,A,B,C,D
2000-01-01,-0.5005207812873009,1.225631408378782,0.6600909486150873,0.5937090653382638
2000-01-02,-2.811961332153149,0.7763842800416192,1.4977599674546846,0.7557309911529725
2000-01-03,-2.4308408416956193,-0.012774268259336474,0.9581402431333279,1.2420090653600435
2000-01-04,-1.7286589211737606,0.628515251127255,-0.4413769487335448,0.7275533039103833
2000-01-05,-0.9167185553728008,-0.027088060493105637,-0.6529295411897377,2.2450490531886618
2000-01-06,-0.8274520733747514,0.10997606614374786,1.3558028790889298,2.8096626205629
2000-01-07,-1.1017539397999425,-2.0156039648009916,3.664133954231458,3.2851634407260977
2000-01-08,-0.8002481525320064,-0.06991456493171655,4.053217906574922,3.7634192694632453
2000-01-09,-1.0673006179925708,0.6862984943478355,4.619847910264454,4.121459187730738
2000-01-10,-1.4273540621199174,-0.18994988602594165,4.447961697807398,3.44050792336005
2000-01-11,-0.5408773179769913,-0.18321127169990814,3.2225984538026458,0.7115846100637939
2000-01-12,-0.6812705741267543,0.15163562592797458,3.271081936555947,1.4196453186535627
2000-01-13,-0.3263606296399975,-0.9891199804303443,2.1224450767071628,0.9457275223348521
2000-01-14,-0.6586766707179325,-0.7114118173857242,2.044284141051004,1.8424039486025818
2000-01-15,-0.4564311475881705,1.505119374382277,3.7008590274441167,3.181188999317117
2000-01-16,-0.21171852632609844,0.5752791592642175,4.471553114457704,3.5598461726986343
2000-01-17,-0.7856536597128284,0.7152522000933295,3.0573564346193356,1.428817360811954
2000-01-18,-1.4633579051163275,-1.1310997838638144,3.6854744816382765,3.3026167945309375
2000-01-19,-2.0775704795059124,0.19980650107245657,4.913805765074316,2.570252707389593
2000-01-20,-2.7747532375195942,0.8249383960520195,4.834994893587698,2.8294925053370243
2000-01-21,-2.948135989543961,1.4882189824925331,4.145639782663139,3.360449961285127
2000-01-22,-2.156547287682746,2.2007949961967688,3.3687763481470507,4.0171078836311835
2000-01-23,-2.7419739115762325,1.5284233351799226,2.3815775329189695,4.451560685581096
2000-01-24,-3.5223235260608643,1.691667019458871,2.6030307634594916,5.165303614174889
2000-01-25,-3.2657964593628113,1.2547074261422035,3.63007305474516,6.308088691722668
2000-01-26,-3.9593593813947434,0.8484546170440963,2.24319479982091,7.0720898896771045
2000-01-27,-2.731780762693698,1.4974341128460193,4.323748030267153,7.753744942310939
2000-01-28,-3.128013072940038,3.355025836810708,6.013462806137426,6.501442269922246
2000-01-29,-2.990598590649729,3.7477577879939643,6.877814886300591,5.553545682483244
2000-01-30,-0.247131746810076,3.79565664320447,6.4299454104734455,4.282390207209814
2000-01-31,0.1394174533963055,3.3851921523498643,6.392515795278994,2.946584773078366
2000-02-01,0.8431159194991837,3.7982462987001457,6.261135201212263,3.1078894589487946
2000-02-02,2.08274807358519,3.7522095860564946,6.880331460772359,2.577648144213996
2000-02-03,2.5221593673195213,1.8657433942371897,8.159829741466229,3.4679343464688652
2000-02-04,3.0709826014344417,0.5280594050391272,7.8480082607492765,3.6382559726983303
2000-02-05,4.147405455200365,1.0410847188753656,7.125217739334572,3.106418394563929
2000-02-06,5.536384760857617,0.45105876171868864,7.564544759709179,3.8436460785823034
2000-02-07,5.030032657245078,-0.14494593814473444,6.697297470138877,4.278378541820606
2000-02-08,4.133429750027958,-0.40353139416040235,7.388001462337722,3.9968498272580155
2000-02-09,3.953885072231549,-0.18552347582419587,7.341649352436268,4.65141078148169
2000-02-10,3.5138253330886213,-0.029574728552208857,5.921296273917142,4.411511245829106
2000-02-11,3.180146050067568,-0.07157493022153161,6.477628109627587,4.316508517901732
2000-02-12,2.762441634766344,1.7755481144433867,6.397819659423327,5.006489538427535
2000-02-13,2.5317571456909067,0.6509475064125008,6.901788018534478,4.034774776669167
2000-02-14,2.6034564991472204,1.7409359075946471,7.898921087084146,3.5167684331601907
2000-02-15,2.1580108245284824,4.082214142560103,8.02146947277779,5.384228332124381
2000-02-16,1.6256690044717896,3.876006371392756,7.271059214318276,4.99611447525463
2000-02-17,0.7999642731401883,2.9365948314494417,7.964608611459186,4.940701521368044
2000-02-18,2.054722912164574,4.5511825872711,8.359965271871737,4.862556913175062
2000-02-19,2.1956069918543992,3.801728282671266,8.988762133210551,3.9655866352424116
2000-02-20,2.0185038710661813,3.2874747246839133,8.653625593192835,4.6104218374196835
2000-02-21,1.4043441149572298,3.7057591007458672,7.3839689712935535,3.3664599224140046
2000-02-22,2.2724236377732066,3.8923160913259385,7.862336046267312,2.5163268803468664
2000-02-23,2.5186015940670594,4.292878294383951,7.63035491924043,4.036771395966394
2000-02-24,4.2271179834885135,5.7519403036131465,6.75097546288999,3.787345918205643
2000-02-25,3.9422369140748446,6.249456131547002,7.267037607001946,3.942858614407887
2000-02-26,4.353648857461047,8.592440566684505,6.093551408832608,4.010055338965147
2000-02-27,4.562823823109483,9.4077141995889,6.878974627564569,4.211379855999261
2000-02-28,4.243162250431622,10.544938677229231,8.325943457694546,2.631563866802245
2000-02-29,4.561412012765792,9.664863004096238,7.9872973206627975,1.5702895424693377
2000-03-01,6.451769752614161,10.628748149553921,5.952417921692889,0.5514498280273528
2000-03-02,6.915524553450054,8.973440116128966,5.2967468320699975,-0.30140788637663063
2000-03-03,6.2619093623779705,10.074416753568254,3.879439903674447,2.030019927771237
2000-03-04,6.023007771948541,11.689192680979142,1.6208565027461734,1.2099017957768496
2000-03-05,5.586358781380787,10.470114483386327,0.6259465636449808,0.5784729748509887
2000-03-06,3.866265061863128,9.833392068806257,0.22612517534399473,1.0444567921442038
2000-03-07,4.805884091253838,8.922252024518023,-0.4881955611597703,1.4553804179738243
2000-03-08,2.4719578950013825,8.891868507134827,-1.2364246228724138,1.5197089492997127
2000-03-09,1.2424264102789258,8.84030625498031,-0.4027853596171326,2.3580192232500545
2000-03-10,1.12623531123731,8.694199575975224,-0.2133846913671207,-0.05926020811206634
2000-03-11,-0.0009925460635074046,8.857046084082727,-2.2127589568603354,-0.15754739037655963
2000-03-12,0.2807346674850564,10.413600563360774,-0.7439495275950512,-0.5621827265933497
2000-03-13,0.6146964508308537,10.663118118878538,0.2161335129947971,0.3467422700249503
2000-03-14,1.7982971606804383,10.633759919282177,-0.05957907387642053,-1.4598218828123817
2000-03-15,1.2361469784891235,10.2213017863395,0.2219365850369222,0.24478891972729944
2000-03-16,1.4231232179275561,8.358879269988693,0.5862952517871204,-0.407865112724883
2000-03-17,1.4400694212459517,7.572589264859941,1.2768832385470108,0.9588005761706625
2000-03-18,3.0081313160102656,7.726267124837546,-0.2579272950329843,0.8875528939873302
2000-03-19,2.3602994632148437,7.31592511786673,-0.9403645403228129,1.1036404411611183
2000-03-20,2.2481583418520548,7.836138414676944,0.18513222313154865,0.421438173454312
2000-03-21,1.3398870136057626,8.514493191456548,-0.8724379529082409,1.7402792057050063
2000-03-22,1.8017824999049672,7.264360062885139,-0.5270364954934819,1.9369571037263464
2000-03-23,2.625495484624147,6.913710842755437,-0.9214653064272553,1.550101926429176
2000-03-24,2.4894657419185036,6.719003107810259,-0.257452257248051,2.162729025909095
2000-03-25,2.6892142888790582,5.9324651793651935,-0.3452183481047776,2.5541755423549586
2000-03-26,3.373698880794024,5.202300474954121,0.3200239679541508,4.778402321741181
2000-03-27,2.362819366395817,5.767536062824056,-1.4071418341415873,3.908080418578182
2000-03-28,2.8031148540519566,4.828739935266555,-1.7826460127335344,4.237465020837949
2000-03-29,2.820729368092042,4.20418677723454,-1.8124745943219636,4.799527477090271
2000-03-30,3.24545146323522,5.147760460397869,-3.143601185967352,4.272337156732202
2000-03-31,2.422179630906308,5.776809279910788,-0.982234426778732,5.609197333782324
2000-04-01,0.8506220201850547,5.686306051453547,-1.7659128784249218,4.027920785866277
2000-04-02,1.7840413522130278,4.945389818756856,-1.311169635546464,3.9254022545290788
2000-04-03,1.4032326876969534,7.368419470691937,-0.04508002344067985,2.6959683324444867
2000-04-04,1.5251113236466012,5.747435305323037,0.6454715741221475,4.27848413261328
2000-04-05,1.1117147868153363,5.261392445223763,-0.3868694767933756,5.438514913949024
2000-04-06,-0.6502653871472612,5.444523824741156,-0.7324704028401718,6.079817200941012
2000-04-07,-2.546075132388734,5.295435476357669,0.5261964207416243,7.923792823118421
2000-04-08,-3.0519260595290403,5.089038124739076,0.21734217462781247,8.274632950524417
2000-04-09,-1.965893568205281,4.334296485468953,0.9982368707578811,7.279516971333061
2000-04-10,-2.57769590757654,4.17668828698339,0.030684729635620744,7.911653830078931
2000-04-11,-2.317250065511886,4.24135778074099,-0.38467824336725304,8.78062987018851
2000-04-12,-2.6727039876825733,5.360607232367359,0.6963322346831575,7.910708344397504
2000-04-13,-2.6019341518575954,5.983675620922205,1.71052520364564,9.61419264561535
2000-04-14,-3.5183437634774086,6.695899381069488,1.968007742843879,9.808477274005886
2000-04-15,-4.100496611361722,6.778570237418245,0.7881164151648987,8.362289576642922
2000-04-16,-4.1049606422651586,6.1748196571084275,0.5001017631534382,8.724767415001041
2000-04-17,-7.195157135376141,7.057393447203635,0.9769617682950092,9.813709875221509
2000-04-18,-6.4270029984398995,6.51868877854563,1.494372010009818,10.224387188282893
2000-04-19,-5.588121939990367,6.9781026559878025,-0.997098915648009,10.850190129666732
2000-04-20,-5.902338362792137,7.502870175373481,-1.81333174332089,10.284986880600046
2000-04-21,-5.448569979585434,8.720498249543693,-3.8877716111057037,9.726573591089387
2000-04-22,-5.323438617446125,8.513749420652646,-2.7910568104358955,10.048584637124419
2000-04-23,-6.305876063608943,8.05170792127492,-0.4308730310181299,11.356988352167596
2000-04-24,-7.558021736689493,8.160753995266367,0.8876809686657836,12.723342298888054
2000-04-25,-8.840472878732694,7.348776016719362,-0.32076996677186065,12.346391836765456
2000-04-26,-8.481162651827908,8.074051686417741,-0.5717153987093901,10.441795162613602
2000-04-27,-7.732707042075904,6.900743889540541,-2.447333249712199,11.79640214052733
2000-04-28,-6.760607515149112,4.521843611501684,-2.5558275525313916,10.789627916413592
2000-04-29,-7.8102981224913846,3.2734044485632108,-2.8768805505739645,10.622023544738376
2000-04-30,-7.3276349761922965,3.87467501499209,-2.5338736171947955,10.712889897124347
2000-05-01,-8.40876610265746,3.5543754727577364,-2.910168349667128,9.879821375156766
2000-05-02,-9.500522342462014,4.331545703230329,-1.7961529549337834,11.378624747800199
2000-05-03,-10.301370185242295,5.040298536311633,-0.11773381276640382,11.705246743931758
2000-05-04,-9.822014847158705,5.411323990653581,-0.9318111177900024,10.463150362628829
2000-05-05,-8.791285527408103,7.129728350659268,-0.41389888339852776,9.728410593055893
2000-05-06,-9.255184652963974,6.8399879981463725,-0.3696245658039496,10.775183261248259
2000-05-07,-8.45305731985307,6.06413680101082,-0.8635151179343172,9.972848913930722
2000-05-08,-7.935979343854463,5.28271455007466,-1.6753856609544588,10.819540400558235
2000-05-09,-8.941210137464363,5.087517818392714,-2.4628409214181666,11.06805783532162
2000-05-10,-8.830135533265143,5.816659542201013,-4.107981480847737,12.032472192834463
2000-05-11,-8.199392069535804,5.875692027889183,-4.15058331757713,12.122858526728773
2000-05-12,-7.205805129011569,7.035437633999294,-4.139004707153189,11.114062454785948
2000-05-13,-5.897006558280126,7.064582494531419,-3.163435249140798,10.740217345945078
2000-05-14,-8.372338858664172,5.837927969697864,-3.730189904607235,10.023827052556575
2000-05-15,-8.791538330272267,6.2076247715542925,-1.9875625146682236,11.068340062350515
2000-05-16,-9.58280061852269,5.633948105040492,-1.894167714589454,13.052853858969613
2000-05-17,-9.5914991603747,6.202768687731868,-1.5296732997648352,13.003596211891992
2000-05-18,-10.29049723712184,5.994816754222616,-1.7673153388410991,12.37538531665643
2000-05-19,-8.472686886904171,6.1442241780758335,-1.406635489522572,12.318658173292972
2000-05-20,-7.250707668636597,6.911096347808186,-1.540257495310632,13.469724492256491
2000-05-21,-5.676312120806403,7.55126289154454,-1.9323311727392016,14.46641473198907
2000-05-22,-6.03825495906205,8.426136846725937,-2.2096511304117823,14.057168263486398
2000-05-23,-6.485122422698927,8.347244888154513,-1.58630266828742,13.039130692141539
2000-05-24,-5.97930830430634,9.65937807279409,-2.3771637695110917,12.866971175862163
2000-05-25,-5.501957677225796,11.603914156229429,-4.554606515559129,13.799663929428602
2000-05-26,-5.482378097052272,11.164203246740083,-4.402779311524822,11.587011607994286
2000-05-27,-3.642167750863151,10.44670759215336,-4.781882252719628,11.268840000319774
2000-05-28,-2.8381210942088373,11.76463526259283,-5.528353991688584,12.232050850718652
2000-05-29,-2.9429779198946266,12.344486732228404,-6.0609095312739525,13.060966528510509
2000-05-30,-2.7177907069259306,13.28243279346553,-7.678616872993808,12.721983412355108
2000-05-31,-2.5818229408780162,14.271021586514946,-6.736670830193748,13.603589363169187
2000-06-01,-3.5760822440960944,14.755411226160376,-5.382409881280878,13.748192046184705
2000-06-02,-3.2325436065354984,14.594955279975162,-6.4223041192601364,14.200438523796404
2000-06-03,-3.525473125088901,14.633945231906685,-6.9102291056087335,14.049333627443309
2000-06-04,-4.7013841344493095,14.758754756565407,-6.1146753709879125,12.767343358462949
2000-06-05,-4.115600250083162,15.313198044330575,-5.458998580254484,14.137346284762934
2000-06-06,-3.4873085073707353,15.33978009811994,-7.743788087928678,15.87719415993849
2000-06-07,-1.9925282393967085,15.39505984402422,-8.921319332869274,15.744150204698514
2000-06-08,-2.5389518984197035,15.78484755506694,-8.56695269532713,14.494437367811228
2000-06-09,-1.7013064100236432,16.513387915949064,-8.784055032885567,15.047916749380082
2000-06-10,-1.7096663177036853,17.220814326680063,-9.281577531571436,13.785132680064264
2000-06-11,-1.315546078050907,16.160784205519725,-9.62529594758464,13.221297422596912
2000-06-12,-0.5448953047022321,17.364650451524653,-8.136170404714065,13.679227867991509
2000-06-13,-2.112822944505723,18.035821693901507,-8.484242612821795,12.355127706441586
2000-06-14,-2.4504900235810787,17.95636536133349,-6.760616912742133,13.14979574890363
2000-06-15,-1.0958718305952435,18.063987162532204,-5.601620192591019,13.562224010941017
2000-06-16,-1.8483481082182274,18.358496232791115,-4.466859739319403,14.921400148177366
2000-06-17,-1.0111689518491382,17.50261226500845,-4.618266115596061,14.533123322014893
2000-06-18,-1.3158988117573405,18.267571538785866,-5.266849939955449,12.25843981930618
2000-06-19,-4.106832456606016,18.793567523475268,-3.8699815776637543,12.714444757267763
2000-06-20,-3.9908849613344928,18.61500736499115,-3.449740622261465,12.635499962468895
2000-06-21,-4.395537614211209,18.561432246515132,-2.5368177584760203,12.379181578879523
2000-06-22,-6.26614964474022,18.737097191583807,-3.448261424315453,11.253085591801515
2000-06-23,-6.483597531946582,18.899118423442587,-3.8257945084313265,8.862713756793514
2000-06-24,-6.675574027329925,18.56987521838171,-2.5821741867440062,9.38643485175027
2000-06-25,-8.310426005129786,18.32857159256465,-2.977813668142077,9.597123720709263
2000-06-26,-8.841507602575419,17.080219880368936,-4.952392610733341,9.685878272268415
2000-06-27,-9.996475532702778,17.858337925191346,-3.8531610072730125,10.241920792736435
2000-06-28,-11.06813070143914,17.454630267833657,-3.7231265111232736,9.655903921040194
2000-06-29,-10.320711717553035,17.81872612557633,-2.5668235274868256,6.926558495814273
2000-06-30,-11.306014284888063,19.123801015527103,-3.6279801378082572,7.105787490883179
2000-07-01,-10.221287184926194,18.70894148930415,-3.6762545497976418,6.454129727647458
2000-07-02,-9.847755392382703,18.988539288096124,-4.3370018667867924,6.368386800975903
2000-07-03,-9.200914917789158,19.46845793317709,-4.976760450666726,7.464039173236287
2000-07-04,-8.533190657983335,18.62842761335512,-6.17289291116075,8.141975943146853
2000-07-05,-9.932019339629898,19.791715453222892,-6.64296532041418,9.204681379374765
2000-07-06,-9.212202164452501,19.59417214188441,-6.910458230911984,8.232625841701568
2000-07-07,-9.592995116119148,22.081568622708065,-7.548768621168537,5.449019159545072
2000-07-08,-8.656773435750772,20.514340901105825,-5.415548626353159,5.771084405262266
2000-07-09,-7.448898479907843,19.869084608783236,-3.4136464328061003,5.521064088931212
2000-07-10,-6.605037157515186,19.61405877983706,-3.321106052982405,4.855471796828935
2000-07-11,-7.268659951267669,19.396938006605566,-5.13755778693039,5.096441636896468
2000-07-12,-6.839300665836211,18.472508981105,-6.6749560487173625,5.654105923893883
2000-07-13,-7.852866930067918,17.89466235260398,-5.990417257263654,4.192960429147553
2000-07-14,-7.611644627958992,17.018671267069653,-7.928858480392501,4.275191568935438
2000-07-15,-8.456215665921244,16.50321575493957,-7.751202733300517,4.364743939403255
2000-07-16,-8.77447598644207,16.57842381084238,-7.230710838090941,2.700117234048483
2000-07-17,-8.153470717587556,16.701450795794084,-6.477124762575398,1.806411041742714
2000-07-18,-8.070395943501516,16.165756301075632,-6.841015677325026,2.675485501724519
2000-07-19,-7.72226522810765,14.799370534332967,-8.221203729915604,3.956075016600214
2000-07-20,-7.771188577993034,14.946364312243253,-8.581649327023694,4.136440623497774
2000-07-21,-7.1405217227375335,14.734905447022737,-7.340448848626277,4.574017557587234
2000-07-22,-5.770732049157092,13.894300151650366,-8.509727138254709,3.723430424964873
2000-07-23,-6.786256911140621,13.769227134175786,-7.891354413775931,5.099145484996136
2000-07-24,-7.5083319543867475,15.575126286249008,-8.114083496557381,2.600480070558291
2000-07-25,-9.276554433015598,14.24531127788445,-10.026379422076822,2.7450048505455076
2000-07-26,-7.409462055271357,15.266057404576907,-8.646295721651423,1.7274601933437046
2000-07-27,-6.837129524933058,14.23689771567816,-9.09533926562901,2.794394015406464
2000-07-28,-6.548789404522914,14.294773949970127,-10.055617076001852,3.5787561637327245
2000-07-29,-7.980923258209768,14.391047228597408,-10.630500215551065,0.7423306647952717
2000-07-30,-6.689919861878404,14.123143612343682,-11.167813328332464,0.9541336399463665
2000-07-31,-7.920659568399676,15.282825958079723,-12.091779675031868,1.5723914356690625
2000-08-01,-7.173607146701515,15.40635025310719,-9.368191474124917,0.8448167505168142
2000-08-02,-7.365835940142038,16.123702551319596,-9.306785981111059,1.791829168682626
2000-08-03,-6.09283849344147,15.252368432659807,-8.511728905303197,0.7726533646710634
2000-08-04,-4.4816431965723025,16.529798788736322,-8.85058791349395,0.9355498034875108
2000-08-05,-5.197461919125051,19.198544837682476,-10.960010279178181,1.4686184116555414
2000-08-06,-3.323068633066567,20.287617253136006,-10.18765790297136,3.2668889654775892
2000-08-07,-5.026658984181317,20.33849716208388,-9.24784912655318,3.6503594356987694
2000-08-08,-6.277422395228859,20.84397429339044,-11.761623986762796,4.221369752043249
2000-08-09,-6.6900967878684705,23.38168046476924,-13.006819162370196,4.8148256338467155
2000-08-10,-6.923827997340166,24.107283234897352,-13.807376472500684,5.690612363250461
2000-08-11,-5.062992768780869,23.96297572551254,-14.940342112609118,6.020206816427511
2000-08-12,-6.601239656561731,25.40485989255143,-16.414025631413843,4.161002515383671
2000-08-13,-7.032470587938241,25.447010210638215,-15.540277147363522,4.594634305611194
2000-08-14,-7.173880978067304,26.90310452643908,-14.385679846794552,3.9788134258628176
2000-08-15,-7.816404628635409,28.16915349921527,-14.411537658915238,4.2139833471204
2000-08-16,-7.6010404204864495,27.846239811795787,-15.453667692767667,3.7087183259835226
2000-08-17,-5.962445617960004,27.241513007408003,-15.845438372424125,4.758959571466434
2000-08-18,-7.224465286974371,27.71863895536531,-16.639701717257857,5.946350128818608
2000-08-19,-6.817123606311117,28.023190912560068,-16.874911116286157,6.161066966222628
2000-08-20,-5.3044393554207225,28.62590365723163,-16.766354193797675,3.4057764492542417
2000-08-21,-4.59164887739574,28.3833646610083,-15.43480482169096,2.9154936183469937
2000-08-22,-5.123911980762684,28.34272669824717,-13.801886471775612,4.1051674843811625
2000-08-23,-4.264956650165322,28.086108045864748,-15.54667227664243,3.308814270406792
2000-08-24,-5.831404647322204,28.480531142594014,-14.868670343967983,5.036688655676033
2000-08-25,-6.966552007501689,29.72520596346546,-14.947107625032322,4.406959539250419
2000-08-26,-7.186525653062693,29.308655399770412,-15.67096451527037,6.567570107152497
2000-08-27,-8.193048833306044,29.317149101789372,-15.926390536631429,7.532489476508829
2000-08-28,-7.701610485683435,27.91914190948731,-15.354841306818573,6.822726621198788
2000-08-29,-8.183983407063266,28.296467097382774,-15.66630155278208,5.998305020355526
2000-08-30,-8.904805694403608,27.648324175961413,-16.80188797738023,6.050624724685293
2000-08-31,-9.377331595018862,25.63554929382929,-17.006197781063772,6.375113156830834
2000-09-01,-10.008968725553027,25.960110862263946,-18.278287574248534,3.5214296893491692
2000-09-02,-9.05326616785865,25.025650397794664,-16.75321817013832,2.437836310260563
2000-09-03,-8.429860368856732,26.031664718836645,-15.278945344944486,2.5728868264778715
2000-09-04,-9.276485988840113,25.410263186571903,-14.969212302599544,1.8551395525968193
2000-09-05,-8.595507172941632,25.53192137813871,-12.849838116487803,2.1016766998295036
2000-09-06,-10.11067546484485,28.494441609088,-14.329516335737198,0.9330536103271665
2000-09-07,-9.969751809615877,29.013097285249188,-12.308346051733002,1.5788069061700978
2000-09-08,-9.520969882640063,29.327673588317012,-12.150594229238134,1.6309744790665965
2000-09-09,-9.35516399147622,30.91600734598864,-10.422972455160213,2.1281157559490618
2000-09-10,-9.774408068470871,31.644367378514666,-8.62256500160309,3.6987844662768925
2000-09-11,-8.910637295511373,31.733556323985884,-8.036058659457906,4.1626325201117895
2000-09-12,-10.178714197465201,31.31433863917369,-8.380622812416266,4.2614652035817455
2000-09-13,-11.365061896002056,30.307719877994472,-7.85444725936354,3.9267784024365024
2000-09-14,-13.26552266307518,29.2665184919325,-5.772640371906624,4.573807331244754
2000-09-15,-13.287858585133488,27.98495506368456,-5.9759337065893385,5.374306810475383
2000-09-16,-13.339980611021515,29.23448221410747,-5.299592160611701,6.073011401929838
2000-09-17,-13.158963751350955,30.4739387211212,-6.644142290567394,6.79927751983016
2000-09-18,-13.042313614032487,28.516070184713968,-6.77954574439778,5.741372166072363
2000-09-19,-12.350678173349518,28.33159111702893,-7.3260629691180705,6.20701151002915
2000-09-20,-13.106362124137592,28.410776491748788,-6.1380346683934786,4.6269013309194476
2000-09-21,-11.964983115938773,29.826003469584872,-5.650210232926896,5.78381264294558
2000-09-22,-12.45136685479818,30.005057892029324,-5.0812619142365945,6.677357138872226
2000-09-23,-11.26677079621927,29.02535851260698,-6.142661042957168,6.049586520325144
2000-09-24,-9.851759850011168,29.837129476562136,-6.904622871416438,6.3668571860230045
2000-09-25,-8.621404236710639,28.401386131573656,-8.192033919403812,5.348024031889938
2000-09-26,-7.974925816819939,29.00206542539899,-9.907738441632777,5.670999458311113
2000-09-27,-7.776225711495025,29.513355202370715,-10.302320006154602,5.996334221455226
2000-09-28,-6.560605614777787,31.241105556145058,-9.534840577084474,6.4975459265325455
2000-09-29,-6.464205100757957,30.54007642811939,-8.684860977101671,6.288234907770048
2000-09-30,-5.633219616063624,30.476626345175763,-9.25808252881954,6.218200584901494
2000-10-01,-5.203324820867575,28.94074198031513,-7.534878601433747,5.2263185347103684
2000-10-02,-4.645818372657715,29.04137164943801,-7.979853936316046,6.273099859518292
2000-10-03,-5.545543027330116,30.412927228910384,-8.045421175054091,5.526759153574274
2000-10-04,-5.13226753312804,30.264305576233557,-7.894484319911517,5.859318848618695
2000-10-05,-5.212237611838416,30.38840790207379,-8.095411048606747,8.3647555985899
2000-10-06,-5.991421180418261,29.02563711575689,-9.36045507911787,9.823489336621423
2000-10-07,-5.585017182856924,28.204798719759868,-10.49998540565767,8.854869100834867
2000-10-08,-5.497671888235537,26.807064767083954,-9.786190236777353,7.466394601141479
2000-10-09,-6.160796222097808,24.524918355867328,-9.8929881569184,8.45716208782915
2000-10-10,-4.950225916811975,24.529154717585413,-9.444272503419079,9.056673496312428
2000-10-11,-3.9793011850558746,23.905542186598726,-10.895610227056562,8.436430992114214
2000-10-12,-2.717888323100055,24.670802466791507,-12.449574754927124,9.901250619668293
2000-10-13,-2.782283537754147,24.48695715142832,-13.0668846865399,9.044132827963315
2000-10-14,-3.2652648339150288,22.368814736788774,-14.067544122333047,9.516587091864046
2000-10-15,-5.283709307676673,23.574354913015416,-14.53565276775372,9.994470592091583
2000-10-16,-5.356079001065906,23.307512840394526,-13.64961773102604,9.340638256237035
2000-10-17,-3.55396247426074,23.874450294613638,-11.983700616015671,9.071998785977964
2000-10-18,-4.445634898810391,24.15216150333191,-11.165079417319811,8.81177351809291
2000-10-19,-3.8591281067600423,23.89007540459009,-10.66923770081369,9.392791873264299
2000-10-20,-5.518820886815369,24.096705796335115,-10.920289336690429,8.486694778166562
2000-10-21,-5.889865277726575,26.62668953733301,-10.513952767865813,10.029287371430115
2000-10-22,-6.1595493547716735,26.687641312531092,-9.56894292908434,10.156618039773518
2000-10-23,-5.8662625233048455,26.57069832388805,-11.398624007210035,9.923641698552402
2000-10-24,-4.532280869224445,25.821149795652303,-12.556666904785287,10.058186232647682
2000-10-25,-6.136044371988779,25.264267038594273,-14.165414862491643,11.265092253137778
2000-10-26,-5.8444046808431445,25.005964576642462,-12.568079157335749,9.309011611374496
2000-10-27,-5.781726188739374,25.348708439494988,-12.544132867164612,7.888633340230742
2000-10-28,-4.6363741529854074,25.87000649255999,-12.677608448116631,8.121869860036776
2000-10-29,-5.275450275063759,27.65212064036866,-11.223024554583679,9.73602659099832
2000-10-30,-6.838032796632467,29.605806834355054,-11.363313206965618,11.418508124255387
2000-10-31,-7.058981405085879,29.777467621329738,-11.229212678384366,10.222980646505414
2000-11-01,-5.7925667588671,31.066292707255133,-11.251685098853063,11.08923567442682
2000-11-02,-5.757737054010973,31.224518076944893,-12.589493455256614,11.375097106650916
2000-11-03,-4.796714995143749,31.394598255192214,-12.12220914054371,11.659109015212852
2000-11-04,-5.364604811614977,30.944312121968977,-12.279375679382543,11.725745708544435
2000-11-05,-4.063643978203896,32.82443896816065,-12.578410258078065,12.355899707520518
2000-11-06,-6.261510121882166,32.21454689193535,-12.709743691991491,13.722169761245274
2000-11-07,-5.662361355353928,31.36875406740526,-12.555246767848807,15.297905255460115
2000-11-08,-7.09496300259955,30.111197602395407,-13.302687179903643,13.946746591736828
2000-11-09,-5.595556881965994,31.695340300785773,-12.887030901464115,11.793027964331168
2000-11-10,-5.572673875866785,32.04739574737654,-11.88211560176084,11.724002772854266
2000-11-11,-5.5963350537460546,32.52342102669112,-10.350085847331965,13.533643020212091
2000-11-12,-5.636649538151907,32.928637913883584,-10.356020590345588,12.49821250518961
2000-11-13,-6.06322323130263,33.68810787657528,-10.532268349897944,13.058068102309297
2000-11-14,-4.802761852456907,33.12321478301052,-10.02652025228073,12.291148016348425
2000-11-15,-6.769042727216145,33.589315313810495,-7.997074043846498,12.604794572634372
2000-11-16,-5.4650121671731755,33.3017857802446,-6.8882430671320805,12.826384220405382
2000-11-17,-6.8494553492487515,32.32328455114841,-7.57528609711222,12.385664815004885
2000-11-18,-9.018231495619172,32.356368933631735,-6.768542817753151,10.61407626694621
2000-11-19,-8.305499975086367,31.068235680713602,-5.678563433153182,11.354524615669991
2000-11-20,-6.970888520981789,30.06434539621235,-7.281351438022834,10.683103111668323
2000-11-21,-6.709073672268176,29.2296021207018,-7.198217950992129,11.134851130223266
2000-11-22,-8.5990888223831,29.151479204913553,-6.666323596082623,10.045416480051117
2000-11-23,-9.90055311992617,29.285548801346753,-7.611406058285141,9.148481870172448
2000-11-24,-11.55928080613656,29.100118292981055,-7.8756172039299965,8.904434887225827
2000-11-25,-11.47748708001695,29.260666895829957,-7.936595682562551,7.597123740500396
2000-11-26,-10.407616817151135,29.605529099584473,-8.20270772367944,8.777885504695451
2000-11-27,-9.432089090955307,32.49102859169864,-9.303342093011887,8.529084368894319
2000-11-28,-9.179644259207668,32.570130131925495,-9.223597210533772,8.3836149635298
2000-11-29,-10.47805766251252,32.92872248834597,-7.835351592950555,7.98627004295135
2000-11-30,-9.89650892382166,34.91922568907668,-7.540424092678095,8.411929239788936
2000-12-01,-10.575744311266424,34.45776550860046,-9.062862292601874,10.611388364384112
2000-12-02,-10.61285734804387,34.86611281230914,-9.579367323507118,13.415258071144182
2000-12-03,-10.274633350520752,34.17902906903441,-9.983669653909255,12.09490324585314
2000-12-04,-9.757858009990095,34.2579447884827,-10.9058157057418,12.382054667972223
2000-12-05,-9.44617363317449,36.91155206153163,-8.542355111482514,12.78883627695782
2000-12-06,-8.194920123071293,36.87317565823674,-8.678528345613381,14.178921843668922
2000-12-07,-8.648193089018205,36.7964345605916,-10.964987924068724,14.489139508469796
2000-12-08,-8.07790998026287,37.72318058283823,-11.91391040337596,13.640117571087186
2000-12-09,-8.943326394170855,38.52715457029615,-12.53914971498556,15.671413157170878
2000-12-10,-9.985799252911242,39.11273611381152,-13.847286367075071,15.26296608739282
2000-12-11,-11.24431043479733,37.74262841154521,-12.96504013945018,13.87097366684576
2000-12-12,-11.91755192125722,37.21839620784781,-11.206844383547995,12.273830912346064
2000-12-13,-10.718246963144008,37.354398955866024,-10.453199746653379,12.148558761392621
2000-12-14,-8.861751096474695,38.194342725168795,-10.581249258444208,10.469552011171153
2000-12-15,-9.768176393055963,38.62980945773202,-10.734059742332285,10.86638442286502
2000-12-16,-10.470117146246709,40.848261750898665,-10.900554911262464,9.905475253978333
2000-12-17,-9.228692543764335,41.29590142571646,-11.376437393107047,8.830471536764577
2000-12-18,-8.545488791115684,39.56190459691604,-12.445934539692747,7.314094411562311
2000-12-19,-7.8991288181024455,39.53641808624013,-14.235178806449225,7.822056115811498
2000-12-20,-7.616229939090456,38.92508831201947,-14.600070083581139,9.498819242909926
2000-12-21,-6.802641809596118,38.44289497368703,-14.603622436413385,9.111696180147025
2000-12-22,-7.879003745063613,39.01437371663491,-13.364204544947217,9.54770296821875
2000-12-23,-7.838549181363346,38.39023028130478,-13.903173753353586,9.026833870098326
2000-12-24,-7.151852079436454,40.2762823631221,-12.330326461685507,9.861173381360052
2000-12-25,-6.603021780003933,40.02748183407361,-11.237385730054712,9.5335063128088
2000-12-26,-4.951465389839691,39.743038751158934,-10.822346865690616,10.510209454573783
2000-12-27,-2.6538597201362744,36.928044963929906,-10.923162538260575,10.456592734858118
2000-12-28,-4.586694510202413,37.24530298153669,-9.810712629109638,9.819946324953783
2000-12-29,-4.115886222738716,36.024278754582674,-11.46555756811748,8.990205274543825
2000-12-30,-4.230137366459213,35.27392526746779,-10.586891504000002,8.844190433537007
2000-12-31,-4.553330952982776,35.939095931703136,-9.868549789722065,8.830681998644234
2001-01-01,-6.277854960848289,35.35963207184456,-8.929116477430684,8.895561875389806
2001-01-02,-4.783247516018794,33.93011169112853,-9.303236835759229,9.010021568919512
2001-01-03,-2.2107366612685584,35.927760070784586,-10.11950877774373,9.05582285405412
2001-01-04,-0.9324729955806124,35.96756628200706,-9.675881400697403,9.68817097259774
2001-01-05,-1.9104911013278632,36.161610838737296,-10.377924981670597,9.487444107979996
2001-01-06,-0.2543095907786699,35.8865189522528,-10.936714896808363,8.398769983516504
2001-01-07,-0.3095100087882642,36.27091184042976,-11.296430524410084,9.503729933852796
2001-01-08,-0.2664128680515431,35.665756688573694,-11.481837425904002,8.347805366200898
2001-01-09,-0.2975249950105227,36.16340545691564,-12.678926624388657,7.5578819338212515
2001-01-10,-1.7264203512674545,36.779249574495715,-13.515132799776548,7.437063375176266
2001-01-11,-0.8814334708038557,34.779797636527874,-12.876292817128377,8.333546678372887
2001-01-12,0.4271759834221781,36.899812390096635,-13.003856936042677,7.9916441243897705
2001-01-13,0.2801538088064385,39.06115400488807,-12.539180327984377,7.927529315485054
2001-01-14,0.6846695164513964,39.13013204455364,-12.492912825268789,9.701231203542147
2001-01-15,2.0134348378873748,39.47529076802051,-12.018620040537174,11.07144537100064
2001-01-16,3.321934991316608,41.54606791095073,-14.277233886263893,10.181208308109923
2001-01-17,4.875593776423447,39.32333740981768,-15.666693248740057,10.792338219134058
2001-01-18,7.104623565818635,41.18719899124736,-14.110243139458454,10.309200656180805
2001-01-19,7.445367771867137,41.63595564819466,-13.626976613653726,11.757665185758793
2001-01-20,7.814771933133691,42.123374026289845,-14.946940091849493,12.355632414842148
2001-01-21,8.270567798344937,40.52784375693217,-16.1559124931916,12.806110978046632
2001-01-22,6.407820020949309,39.75139924743788,-17.06014426050082,10.987623950941092
2001-01-23,6.507549231415614,40.799358702663795,-16.278593605055466,10.844387467185104
2001-01-24,6.6291329515348485,40.13577594869106,-16.88033037926512,11.000041414569225
2001-01-25,6.856251883031633,42.2620057033673,-17.328883624927286,12.25189364581394
2001-01-26,6.013722205735075,42.97758498620445,-17.11546354815361,10.180648877818594
2001-01-27,3.9976867625070236,44.03327262527884,-17.330498901867518,9.377680225989929
2001-01-28,3.378634452246241,44.33123171148683,-17.51743564286605,10.59306186346296
2001-01-29,4.040812285584245,43.01974688137023,-17.816853131244645,11.279751247131038
2001-01-30,3.625293004014949,42.04921176397216,-17.54602571831681,9.65392902815093
2001-01-31,3.648920497929911,40.65042378752705,-17.877946081879305,9.520736210136668
2001-02-01,4.574195929319529,42.009060174999476,-17.525541977121552,8.329101896237821
2001-02-02,3.6262713775017947,42.34464920500301,-17.106325947608315,7.462777968887441
2001-02-03,4.127453483030065,40.78701655875585,-16.44809934147515,6.100012052110594
2001-02-04,3.820519518064597,40.22750763584528,-16.90571557080856,8.366964155964407
2001-02-05,4.1664840790654045,38.91629609438807,-16.338844750257426,9.35430374055538
2001-02-06,3.354488654103675,36.33475938030697,-15.580680453116289,11.072536625574577
2001-02-07,3.8295656147021573,36.411963876238865,-16.653588958600704,10.438560606567393
2001-02-08,2.1294316642569044,36.66360951845184,-17.8545844391732,10.58693969773168
2001-02-09,2.0626843483041495,36.701565743313644,-18.670441077982694,9.80093482302144
2001-02-10,1.8828498214420473,38.40795915770099,-19.197623530999813,8.425661796754474
2001-02-11,1.3451450506508777,36.92317972687438,-20.467874096140143,8.1659333647278
2001-02-12,0.6835348076424418,37.50487234078184,-22.141305279829286,8.284795113765664
2001-02-13,0.5355825383790209,36.66517370600678,-21.196217361878578,8.557836693248293
2001-02-14,-0.9125579224689746,37.652927362770626,-20.009768276342566,8.333330229912374
2001-02-15,-3.3103603734863105,36.58389029051231,-19.105850252452772,6.562514101644713
2001-02-16,-2.8861816461396086,36.13535442416375,-19.90823768265568,6.094054749862127
2001-02-17,-4.135084090096548,38.40049157942659,-19.356392067474765,7.5204661997302855
2001-02-18,-4.456847006080027,38.21239803982782,-20.381725810798564,8.041261098191663
2001-02-19,-6.043686736502379,40.87285403823213,-19.296630688487227,8.76746415713532
2001-02-20,-5.8344028002528185,40.58532163053257,-19.578155120701656,9.877248846438816
2001-02-21,-4.17020003302944,41.046845403986424,-18.7949250806019,9.516147374448634
2001-02-22,-3.372763428581065,40.940768729307514,-19.47715145285081,8.347382145712205
2001-02-23,-4.226669520340638,40.81484461327475,-20.94381523081495,7.3334111004998945
2001-02-24,-3.202822934910907,39.52008257920672,-20.71750118000794,6.873464156877297
2001-02-25,-2.4875666264448397,40.522255586287876,-21.707439968803286,3.711148916230057
2001-02-26,-1.8441999804280174,41.580130786740895,-23.617115435528458,3.5042698339442597
2001-02-27,-1.5554432023979712,40.96695246029051,-23.572733744525113,3.589876172541106
2001-02-28,-2.307289374256617,42.62990354906625,-24.797873414995724,3.8480551029623085
2001-03-01,-2.4403877491744623,44.19649817819341,-24.576138406417662,4.5246013783510675
2001-03-02,-3.136644217207408,43.99446582432027,-23.58857532172067,4.709659180986814
2001-03-03,-3.1870464999672508,44.994088952954506,-22.78062851696892,6.355195714845565
2001-03-04,-3.8838822093194945,46.90176499499285,-22.993995416908696,7.783783708764585
2001-03-05,-5.0501595454000565,47.42892626717381,-25.747736026008763,9.337841387974379
2001-03-06,-3.0936161971685125,47.53980575635272,-26.088932695644093,9.91021407296962
2001-03-07,-3.8542231809544654,47.142709503870385,-27.071963013658703,11.63538777561691
2001-03-08,-3.9279685554786834,46.87827318978289,-27.730685698917384,13.3027071392533
2001-03-09,-3.8642050482230106,45.85358203848671,-27.742014400275124,13.766257971262121
2001-03-10,-5.530711088060337,45.43463957778904,-27.81579905095968,14.18736551085697
2001-03-11,-7.229861255491775,45.320325629263735,-28.163673529257355,14.973169156637827
2001-03-12,-6.815849126335308,43.392992903949455,-27.987011439493198,13.971512829937518
2001-03-13,-6.666285649126927,43.98784139338228,-27.26075451072304,13.282463570603818
2001-03-14,-7.010248732636548,42.268490077952755,-25.37549351025394,12.767102010824855
2001-03-15,-7.309881633745762,43.31347831106599,-26.005539849571214,15.105127285910864
2001-03-16,-10.041629015237092,43.560664909518785,-25.982378296940755,14.891543809171463
2001-03-17,-9.558396363516344,44.214218962263864,-25.570823506647482,13.893377627094756
2001-03-18,-7.269505405604965,44.06798868592943,-25.021797250022484,14.551086516573115
2001-03-19,-8.297027187647371,42.63445237680624,-24.41231303724667,14.313521476938547
2001-03-20,-9.304935804161714,43.23675709770871,-24.31791293347738,13.968363016002135
2001-03-21,-11.072661897728985,42.148531630359315,-24.585630452105825,13.604086777564323
2001-03-22,-10.148559894342924,42.83012471038473,-24.3896760920943,13.5216581230724
2001-03-23,-10.169462118692882,41.70476743161345,-24.510160371821446,13.338086192069714
2001-03-24,-10.012606568027202,41.62651963774529,-24.72058453776917,13.607540657477207
2001-03-25,-9.201743372959044,41.593488264053256,-23.36629043813859,12.8608762126496
2001-03-26,-11.48124226581869,43.00291611159249,-24.138659001740166,12.45191994449147
2001-03-27,-10.956578714769783,41.94366649453496,-24.5109586856418,13.70757727401407
2001-03-28,-12.950492021034488,39.343913158550016,-25.90047169307862,13.097510713074678
2001-03-29,-13.969643887023736,40.36584039943716,-26.970972000186347,13.518473731789891
2001-03-30,-14.769146461099693,40.020779682822635,-27.089704754938538,13.068580164067738
2001-03-31,-13.983236416810271,41.50652003462276,-25.959228977914783,13.639846367082466
2001-04-01,-14.679595474919028,40.783157428409886,-23.54971293100168,13.42608229577121
2001-04-02,-14.796498750965776,39.79984842306866,-23.213402810483917,15.451749918094325
2001-04-03,-15.744228395099269,39.938054727810915,-23.00392623105003,15.276340923767995
2001-04-04,-17.789767058026698,39.04001539130937,-23.910751373245965,16.755629325275024
2001-04-05,-18.901706064494768,39.64976849220797,-22.7140386719742,15.770730997280063
2001-04-06,-18.732414064476888,40.72898480285832,-20.99566817701946,15.994340385733505
2001-04-07,-17.762159251301256,40.797950941011216,-19.572728062832088,15.178814886442282
2001-04-08,-16.499400870352286,43.77319169995191,-18.461495777803542,14.33507962759139
2001-04-09,-15.11694096391552,43.62111944566593,-18.2130235490637,13.930702974932576
2001-04-10,-14.104090880789618,44.70377382522556,-17.02610269066477,12.290025270329167
2001-04-11,-13.705515742817068,44.56980181690729,-16.915320218630942,11.026836432345213
2001-04-12,-13.679097744686521,46.39327865835902,-18.349560106724365,9.07558123666807
2001-04-13,-12.367228857547495,43.91176516883393,-19.290734881949977,8.28947878911686
2001-04-14,-12.708827415572435,42.58013963949132,-18.14924260054978,8.732236804110945
2001-04-15,-12.922141524164829,42.49592799900991,-17.015840453689638,9.05317347224386
2001-04-16,-11.28369851877233,42.01713720143038,-16.676000843631083,8.296122180067245
2001-04-17,-11.449547465822917,41.84672251526124,-18.07576739567323,7.531856062463449
2001-04-18,-10.366335344927469,40.51461435368123,-17.891456823782786,7.378731259009977
2001-04-19,-8.500098216925569,40.72482424815463,-18.013649478437774,5.870374819980886
2001-04-20,-7.348602516179919,40.077107402855034,-16.716941803472643,5.74987563690255
2001-04-21,-8.103194336165561,40.321147206358695,-16.8848671285921,5.683294671392468
2001-04-22,-8.532182320232916,40.058920907969394,-17.010862721874574,4.979929730700247
2001-04-23,-8.566560393251226,38.95715569540058,-17.26387214279443,6.783506665413957
2001-04-24,-8.941563113211204,40.10249589778666,-17.530821799008127,6.546435393767131
2001-04-25,-10.335497818483185,40.13838679410021,-15.893918578232462,4.412313247761994
2001-04-26,-13.377289422449733,38.36468394076061,-15.87764883955534,3.526560839491774
2001-04-27,-12.469947396330467,38.011045161761125,-16.169156011392534,3.0296375917176026
2001-04-28,-12.113165993292396,38.51216885101289,-17.157355898624225,2.110384063373765
2001-04-29,-10.737862257492722,38.80776466753111,-17.251837848766222,2.3394453326874416
2001-04-30,-10.417493925351947,36.5937384234216,-18.67936206498754,3.110635758325864
2001-05-01,-9.873266695418856,38.81041009296085,-19.0959012559061,2.057870006466855
2001-05-02,-9.406165606514705,37.414701756901046,-18.562139470758027,2.4890755888837264
2001-05-03,-8.626511313565889,36.32125851125726,-19.402826122368385,2.052437603476598
2001-05-04,-11.143927680327433,36.103820205712736,-17.774066340570617,1.12803743572531
2001-05-05,-11.2793370591594,36.285571513826035,-16.78476115483239,0.11308019574878925
2001-05-06,-11.489373497042127,38.99067347079263,-16.61463689680658,0.12654307042255947
2001-05-07,-10.775024654607336,39.88524563493634,-16.622791412608027,0.1961672781657633
2001-05-08,-12.549625696171367,39.03997216936357,-17.12427527320488,-0.2164688611188182
2001-05-09,-13.793936735527652,38.572985562269814,-17.003812084141583,-0.7291190903337632
2001-05-10,-13.168926108866277,38.94591660015076,-17.89088287022266,-0.5250454814458666
2001-05-11,-14.457774735565021,39.52432049769813,-18.834395198623778,-0.27295290713876524
2001-05-12,-14.190865348448632,39.786499393397,-20.68851006700295,-0.10991354452425406
2001-05-13,-13.728439279553632,39.0628302521866,-20.68323344457484,-0.4274606961888427
2001-05-14,-12.523782758862417,37.91122784696411,-21.540435967432092,-0.8809653067149992
2001-05-15,-12.542483236698406,38.1585905624298,-22.648954544035476,-0.7356016439425719
2001-05-16,-10.753973723863254,38.98918521885915,-24.105420492520704,0.345493899940589
2001-05-17,-9.411918596577722,40.12393105324341,-23.388486794382203,1.0682769659485825
2001-05-18,-8.830559925824513,39.58642256170889,-24.86941838869612,0.173081611664486
2001-05-19,-9.079848208894528,40.80263592175184,-25.464367974654966,3.171463885366553
2001-05-20,-8.872521484704917,40.933576809920304,-26.273698837142607,1.9720876285268276
2001-05-21,-6.920570633477473,41.337096344101,-24.903143890908588,2.1777703747241457
2001-05-22,-9.125039139714577,39.082093863772585,-24.56821268190036,3.273300369947608
2001-05-23,-9.650169809055903,39.59714752195288,-24.020143577260498,3.825592995202912
2001-05-24,-9.346236171734475,39.83152719616074,-23.250606697511596,5.9137500299155725
2001-05-25,-9.57771275791356,40.6231463800189,-24.08389698942943,5.907624827673035
2001-05-26,-9.049036878135622,42.54078812103047,-22.90724300026329,5.887151574057161
2001-05-27,-10.638838522032344,43.24435990978516,-22.122193908568857,5.745680834205866
2001-05-28,-12.458847292970658,42.48386349219325,-23.24064014712304,4.027053112171101
2001-05-29,-12.613298519327255,43.98225650246568,-22.55189082727532,4.722094675149588
2001-05-30,-12.869850696390463,44.87728705316682,-22.32858301262807,4.291653708337979
2001-05-31,-12.853770489894615,45.74578235470044,-23.22040298581129,3.8934821902731467
2001-06-01,-12.451136656425426,44.842105703568045,-23.91049799217363,3.6836733029633604
2001-06-02,-11.66518465350515,44.60707125870853,-26.186108572311664,2.852836569328665
2001-06-03,-11.990315760752916,44.77830343103684,-26.494458170816905,3.499504426831497
2001-06-04,-11.455397063653402,43.504420762570625,-26.070595637978375,3.641081730526106
2001-06-05,-12.301909959673482,41.92950936305787,-25.331113652483143,4.255308316276439
2001-06-06,-14.405560275524811,42.54138872157116,-25.40563021044951,4.118771751535926
2001-06-07,-15.141603028446712,41.40035794130259,-24.812021266073735,4.077245160559993
2001-06-08,-15.196527584220782,40.84768074151736,-26.878376157280773,5.412918159976228
2001-06-09,-14.438506050539903,40.50976566938333,-26.361778065166405,7.512306767589873
2001-06-10,-14.32806718305652,41.10033156302325,-26.078044856172607,8.726992888567889
2001-06-11,-14.32189236328986,41.43349951134818,-24.492172885384505,7.577872043982204
2001-06-12,-14.2574559538047,41.135422968294314,-24.0822165809517,9.445727212436886
2001-06-13,-14.553726196254962,42.51954444048616,-24.413139495797893,8.540813242155043
2001-06-14,-15.477032832207374,41.94812297400935,-22.508211766047467,8.08609964433213
2001-06-15,-13.986683737518332,41.726718019619845,-23.565105044561278,9.703647654261095
2001-06-16,-13.887152945325912,42.81047414101864,-23.63997057634778,9.989163018268025
2001-06-17,-13.791850335343707,40.750622402936315,-24.518263706445627,10.991805919544412
2001-06-18,-13.184153809191388,42.30275394903245,-25.408391750283783,10.754726365096287
2001-06-19,-12.163030546121695,40.87079942912098,-25.460053792294648,11.306500855013306
2001-06-20,-12.127793168533263,40.60193301046512,-25.971572057264133,10.682449658643616
2001-06-21,-12.4538680229469,39.53075939082273,-26.045245638192224,11.316853633707678
2001-06-22,-12.606681642432264,39.7027708687336,-26.25439408743149,10.424344445019782
2001-06-23,-14.086092795945364,37.63424317393717,-26.57146284170542,10.60302804527916
2001-06-24,-14.970217896078653,36.126329509265254,-28.004591742142594,9.867518859103482
2001-06-25,-15.131258857288245,34.815729383707115,-28.377324980694528,9.201153004637696
2001-06-26,-15.593718570808354,35.38649080435375,-28.661086621575215,9.035196960465411
2001-06-27,-15.707134137377443,35.30711427024128,-27.803162164873836,10.663633158934841
2001-06-28,-14.52020523574574,34.40620636145256,-28.153886129828177,11.459980888612485
2001-06-29,-14.899429519185949,34.97477113449035,-26.910449177412826,10.77779281561904
2001-06-30,-15.406459199119057,35.0094582417861,-26.159107887174905,10.400224887120102
2001-07-01,-14.567761150719297,34.8128615769336,-22.871048495837975,10.395490752005566
2001-07-02,-15.440836164191218,35.80726383308182,-21.58676269366501,9.84091062512476
2001-07-03,-17.089655285733794,36.70326255688516,-21.775267615310952,9.76344965920251
2001-07-04,-14.476266317721567,36.566708973097334,-22.297334446580578,9.63988298658442
2001-07-05,-13.484759618054195,36.667324740654365,-21.670254162485275,8.886286877347922
2001-07-06,-13.033393104193264,36.52130851968996,-22.66042022622816,8.834558633547646
2001-07-07,-13.458021234677737,34.001731000118305,-24.081002674472945,10.384722724128032
2001-07-08,-14.563578292716713,31.70889299651575,-24.078288817328776,10.290392223114845
2001-07-09,-15.364899572914636,32.31509188722758,-25.16219176830276,9.62486077313803
2001-07-10,-15.80681993208468,31.995913847294624,-25.018723523234666,9.336069257658524
2001-07-11,-15.51924625999122,32.83298781782872,-23.245624889626438,8.47852465524108
2001-07-12,-14.018283914281001,32.67775211323942,-23.615215483269054,8.784988002080782
2001-07-13,-13.520219421847404,30.133331809003412,-22.075185137812117,8.339921512206294
2001-07-14,-12.635149825630048,31.635063501758975,-21.893619035153257,8.464604444014544
2001-07-15,-13.718301451859935,33.19121913883835,-18.9677529309124,7.117721368435619
2001-07-16,-13.85383178421717,32.2234019465457,-20.428698633858552,7.953092972877082
2001-07-17,-14.979166986816832,32.053896481085275,-18.981858842550842,7.8394974203332195
2001-07-18,-14.608273953508414,31.72434907074235,-18.987969282164986,8.222663860346849
2001-07-19,-15.549729894398933,31.380602746103776,-18.668962206048604,7.680328601361463
2001-07-20,-14.42678854486315,31.087235113941606,-21.952284017793783,8.144594066664917
2001-07-21,-14.873371460661119,30.216703575471794,-22.825150139080876,6.616624477881807
2001-07-22,-14.279225621056582,30.235276943995324,-23.835791605696592,7.843654365278662
2001-07-23,-14.651141153171805,29.803351774032848,-24.66550494652933,6.241486476591868
2001-07-24,-14.779644142742047,29.310662076187867,-24.4580440753419,4.435280223810096
2001-07-25,-13.761068232395603,28.988574724694733,-24.02346732164375,3.9994241063031026
2001-07-26,-13.463498099303576,29.824088505417674,-23.937640635391237,3.447326312550684
2001-07-27,-14.725130378097651,29.111305323832475,-22.318005404157716,1.771678262549549
2001-07-28,-13.678026768104674,29.00435405702551,-21.890373390249408,2.739085579378235
2001-07-29,-13.135263196687166,28.862318562926482,-23.02728918505028,2.119017454305699
2001-07-30,-14.365787759256111,28.473091941909818,-23.490797928154336,2.025918356142755
2001-07-31,-15.06301359806559,27.521154151534343,-22.877892890069344,2.6470971675343966
2001-08-01,-13.680659124423908,27.779983497386894,-23.054611252181147,3.018227813153381
2001-08-02,-13.056282330304153,27.982082925345516,-22.36056720953065,4.130824475454668
2001-08-03,-11.008989912942575,29.107129840658857,-22.38348442184017,3.38157677347389
2001-08-04,-10.766734732541567,29.852979111010367,-19.56598896858412,3.4834865573935945
2001-08-05,-9.851898537154446,28.788316137688888,-18.922368644979297,3.277760032302448
2001-08-06,-9.498960330150243,28.329038251369802,-19.50554177879229,3.299945921627179
2001-08-07,-8.312762010815323,28.27465754404664,-19.309292216094292,3.4628266619744563
2001-08-08,-8.996062498446499,28.510379094547307,-19.399387018786893,3.507692925258293
2001-08-09,-10.51802201818287,28.929685133960124,-17.649443601246077,4.949624197683944
2001-08-10,-10.579268639713554,28.99460056091897,-17.751753203187548,2.372341393331904
2001-08-11,-11.170943762838721,30.065269884871554,-19.424640217092314,2.268738782322264
2001-08-12,-9.978032314562485,28.7391948680932,-18.04244053833334,2.153926918248766
2001-08-13,-10.361016026878618,28.924363471128636,-17.972761807148608,2.5531341416157094
2001-08-14,-10.829505487983534,28.82135990200692,-18.018185435140293,2.932692232988275
2001-08-15,-9.415619272608165,29.637082153243703,-18.02036883719276,2.6274858220582473
2001-08-16,-9.240135246343481,29.790842820721412,-18.57678117990631,1.9769328558378012
2001-08-17,-8.307480641775227,29.417593743115656,-19.132766685924047,2.7663409016748504
2001-08-18,-7.593029059129265,28.838100374839915,-19.995722856509616,0.6992862694134492
2001-08-19,-6.799789662772837,29.463906885698,-18.706975735874945,-0.9170982087105846
2001-08-20,-5.9323509567252986,28.931917020912042,-18.220491622220052,0.4406455673819216
2001-08-21,-5.190412612165729,30.005053680486313,-17.58694349891625,-1.5796605417709595
2001-08-22,-4.931586772319076,29.32853143472572,-18.30341408059933,-1.1330368149359034
2001-08-23,-4.772035197747748,30.42371619162354,-16.899904451761643,-0.502788468412472
2001-08-24,-6.991436406916042,29.540112070421706,-17.403615644936092,1.1424267817105944
2001-08-25,-6.9816432576012675,30.394972827351637,-19.023096087716812,2.6083489667747335
2001-08-26,-7.010395586497955,30.91046687730775,-18.550625581382043,1.9019465234737951
2001-08-27,-5.6862263581364925,30.916314042672823,-16.930408438176798,2.7673074396666926
2001-08-28,-7.381733835032735,29.186443398389137,-18.056749376490718,1.4860750739374737
2001-08-29,-7.934499471217208,28.01330415884817,-17.75836212953583,0.6788512290327574
2001-08-30,-7.639691428043788,27.788963734498548,-18.781906426579344,1.2144124950994657
2001-08-31,-6.1183848896015745,28.72404093760662,-18.43101220551599,2.544362030154549
2001-09-01,-5.492070085630478,29.01840396059282,-18.3785309569028,4.3253655004615155
2001-09-02,-7.469576336846872,29.55747915473208,-19.822762935415444,4.588788426020242
2001-09-03,-6.72328879575395,27.5155490534181,-19.87349127760562,6.040510633884416
2001-09-04,-8.097474980706853,26.963846616655673,-20.02169560079792,6.156574398012295
2001-09-05,-5.080138518358509,28.279819091569802,-22.161710524916643,4.73949446120859
2001-09-06,-5.012159692472265,26.799518785730278,-24.02227634497892,3.821497506986968
2001-09-07,-5.759761788613658,26.90042878878197,-23.99302278534151,3.6809966055831866
2001-09-08,-4.960705098849691,25.967216181709176,-24.35927112899461,4.988166063978685
2001-09-09,-5.6583595287080755,28.07644236405438,-25.361030840664803,4.517053542802299
2001-09-10,-6.143896475907009,27.174609592885602,-25.440292475324803,4.546111125077082
2001-09-11,-6.7738377872191675,27.11138371821085,-26.302810708980573,5.633269123139937
2001-09-12,-6.739704002618489,27.24867832740059,-25.05823430204834,7.129349210704912
2001-09-13,-5.392489825467734,29.1604214197146,-26.475033775041517,6.690466235689692
2001-09-14,-4.904012121993211,27.219898212449653,-26.523613518144153,6.8941160655912626
2001-09-15,-4.8656167739370275,29.339583335758704,-27.75500136133229,6.033523623625477
2001-09-16,-4.033462224210698,27.56874699362419,-29.76941391517766,4.978837653717179
2001-09-17,-4.552121698046609,27.623512286059725,-29.732569724650975,6.341914215837013
2001-09-18,-5.204975714207928,26.582944654553668,-28.81002215082363,6.725825838709632
2001-09-19,-6.543500197581704,26.5190338379765,-29.98724813296361,7.86614577787562
2001-09-20,-5.372003098452591,26.287238257915003,-29.925311174732336,7.731863406373229
2001-09-21,-5.44010061243709,24.88662097350039,-31.866186722139968,7.146801343502566
2001-09-22,-5.644671960500707,25.560199932052186,-33.38373585906471,7.4396995903600605
2001-09-23,-3.4232604485594966,24.72244308658534,-33.93903760018987,8.384753094114846
2001-09-24,-1.698715037530236,23.174752647466082,-33.70310810281244,8.474429644633156
2001-09-25,-2.025489825788801,24.616217676425514,-32.03107852680751,9.642200255138608
2001-09-26,-2.8880893837478823,23.88916388796634,-33.535772454160224,8.799555239852758
2001-09-27,-2.744918666660503,23.633173431836486,-34.53780798896975,8.43377971435434
2001-09-28,-1.0116761881433387,23.20440950066031,-35.63947021234379,8.547885274112517
2001-09-29,-0.2816210598856024,22.88515923971122,-34.203235118265816,8.934711730536192
2001-09-30,-1.6145812158283888,24.094499132687627,-35.15630082592327,8.944146245745422
2001-10-01,-2.1901142586608455,26.32229615250665,-35.25373676885535,8.485948660990253
2001-10-02,-1.5754282436066624,27.327034830670193,-34.58483931062342,7.742324253607992
2001-10-03,-1.355688968670322,27.851174745888162,-33.51814744387885,8.668154699045765
2001-10-04,-3.223969441735681,28.612605417295505,-34.12742759695796,6.482287496751155
2001-10-05,-3.0298529759798747,28.77713103407321,-34.55645151523751,7.25688501805773
2001-10-06,-2.7693401218452594,28.708651209107593,-34.00195428886203,7.33985868460377
2001-10-07,-3.5233340071480925,28.96896909766334,-33.96510290014208,6.356243878622533
2001-10-08,-4.084197362374051,29.681318890982286,-33.791961303691636,5.124311558255463
2001-10-09,-4.852597874584224,28.389337306419286,-33.53191005713898,5.962448352569311
2001-10-10,-5.305210658468049,29.42722134505545,-31.68051393933837,5.173287777744084
2001-10-11,-5.031568753066895,30.327095681209965,-30.57935001292754,4.908828434969184
2001-10-12,-3.848412449958996,28.98089484839987,-31.57501485638915,5.39939005590024
2001-10-13,-3.1753384313494086,30.324183703045865,-31.067657674631906,3.7629891501937403
2001-10-14,-1.6829129379111765,30.25026680333203,-31.683739297322276,2.5298699610689863
2001-10-15,-3.040302166975982,30.705861123842656,-33.124648744290745,0.6005669446496247
2001-10-16,-3.6568479282970827,31.722889002724877,-32.72091530421207,1.236309516052303
2001-10-17,-4.337714014039578,31.90257254106203,-32.44052939989508,2.107283328371606
2001-10-18,-5.7772891218483995,31.58104486611988,-32.46534957345083,0.504713552378659
2001-10-19,-6.01318616125188,29.53211233586733,-32.31022439263819,1.4219310608364426
2001-10-20,-6.531492108573821,28.534799200708893,-32.20826604428893,3.34124073190564
2001-10-21,-5.955888272731229,29.399049215389454,-31.299519433972417,4.466251040113628
2001-10-22,-5.290669877100576,30.24387088298589,-33.33363647793769,4.480086945141316
2001-10-23,-3.8866903403186606,29.870158295074674,-32.98024751767523,4.074074860830107
2001-10-24,-2.2162885474317533,28.529158658386812,-33.1540498756201,3.812954286260159
2001-10-25,-1.8183180629779716,27.61949185312514,-33.409315057201525,4.36979102711357
2001-10-26,-2.6846796639307198,28.197690021242828,-33.69442744974693,4.0531224891634805
2001-10-27,-3.3924014622170584,28.330488188332268,-32.42663736155405,5.570933792052322
2001-10-28,-3.9652268102182355,28.967610662572987,-31.131898152629226,6.657480145409207
2001-10-29,-2.5415170962396525,29.548181697226486,-29.816152672248776,6.396182411643336
2001-10-30,-4.083313374295198,31.07910540760777,-29.351748120556223,5.52295234830142
2001-10-31,-4.888173350819222,30.146572438585082,-29.53935787801885,4.6606381535352295
2001-11-01,-3.2326890373023556,28.77076163363171,-29.413894915042594,4.492402212212363
2001-11-02,-5.1533220347349245,27.564999496814725,-27.32307964136757,4.246758846114687
2001-11-03,-4.234082493818047,28.242154960141725,-26.834638279629573,5.664245427243476
2001-11-04,-3.2198032900706757,28.820102805033905,-28.482702685425437,3.7274011896427632
2001-11-05,-3.015744157982454,27.961004266208302,-28.75206363685035,4.585416611222334
2001-11-06,-3.4896516917080604,28.562675794262496,-29.101201590608802,6.06094922302106
2001-11-07,-3.9780951861757905,29.42569649886963,-28.061785897933404,6.438117258445733
2001-11-08,-3.563912585585438,27.2177367757302,-27.05182976188589,5.314752583512852
2001-11-09,-3.2001044483399523,26.817878634092374,-27.04515068725491,5.018430976229556
2001-11-10,-3.7528637746462503,27.788625134036888,-28.306108498766562,5.7134314209016885
2001-11-11,-3.454275609670312,29.095067550518866,-27.726069190881123,7.312186548320906
2001-11-12,-3.206536889884026,29.64588964038717,-28.75854292498615,7.819349927599983
2001-11-13,-2.448008456163402,28.934333487902034,-27.866922532258794,7.485535005632291
2001-11-14,-3.224610447012021,29.550672473291982,-27.563139668464174,6.305253560992918
2001-11-15,-2.713746788054069,29.676853285794543,-28.019590623458416,5.604687123821238
2001-11-16,-5.341216214509739,28.552331843999944,-28.454457721353236,4.028348607185119
2001-11-17,-5.8197319604524225,27.682051450705252,-27.98593344776804,3.1876464737016237
2001-11-18,-5.783792268414809,27.392339135715492,-30.026960743854634,3.4549731531761916
2001-11-19,-5.980687119201123,28.460904482408232,-30.96580651882004,3.953823858880889
2001-11-20,-7.327613174493351,26.77261005477161,-30.790824268969434,4.98947022971818
2001-11-21,-7.047834221511543,27.369303827524178,-31.567265327814397,6.317124506893901
2001-11-22,-7.371658928524023,27.33153145704005,-30.646493408560232,5.4904174443992195
2001-11-23,-7.157738159958241,27.10779378750999,-30.54015176843621,5.6340601921460856
2001-11-24,-8.08761706867076,26.99994435159033,-28.868068298098798,4.649946345746077
2001-11-25,-7.750421672330753,26.01625430956237,-27.88755906791433,5.3747092554551505
2001-11-26,-7.860350463817127,24.420014722302504,-26.626926887124238,5.216018487307608
2001-11-27,-9.044020837894076,24.40958335985932,-27.375883582176893,5.244039166132072
2001-11-28,-9.931686811558519,25.283619735255822,-27.934877830010514,5.325709978253081
2001-11-29,-9.996170769034558,26.509982232852728,-26.5257511900171,5.691175147250116
2001-11-30,-10.875846220663114,27.102261118342405,-25.080012075746556,5.952882183327721
2001-12-01,-10.933025028433619,26.435406668451343,-23.697517127457115,6.391521529112598
2001-12-02,-12.040940287371022,27.1825928667054,-22.650330029519065,6.421846806968937
2001-12-03,-10.81841827864142,26.67838507170841,-22.386283470483978,4.879461230440344
2001-12-04,-11.684491069440483,26.142856825872958,-24.1023270190446,4.469231864609885
2001-12-05,-11.344526232157039,25.064504228120512,-24.158699228474028,3.078771365509522
2001-12-06,-10.568380600109188,25.304752523710462,-23.91795137332445,2.1588856641113887
2001-12-07,-11.673407437639927,25.67171690128825,-22.78231336418777,0.2770794626176971
2001-12-08,-11.147088590400955,24.89684120764128,-21.728968148305157,0.8781467444408032
2001-12-09,-9.325660239347323,24.105575023467498,-21.209670887789652,0.4115434000070097
2001-12-10,-9.235070762049505,24.858940356126062,-22.552296657791253,0.7892757025159727
2001-12-11,-7.9596838121486835,26.337438713613903,-23.077314660268126,0.998734768942396
2001-12-12,-8.36617286192053,25.24389634632991,-23.36113712152762,0.8334668629073488
2001-12-13,-6.738638829473451,25.518375537837752,-22.277666520670635,-0.07231484668637389
2001-12-14,-5.3969620530384494,24.775091612128488,-22.820367211735487,1.0143233095671924
2001-12-15,-5.664621222490959,24.62220757048963,-23.884053919114937,0.33568588495748874
2001-12-16,-6.39586944116441,24.564831644775094,-24.72442989247398,-0.6601066605371879
2001-12-17,-8.024505684614448,25.518545047891635,-24.58486550004978,-0.11807223279024703
2001-12-18,-9.46002047753816,24.518082983957687,-23.39816806253586,0.6029667923925286
2001-12-19,-8.878358360135195,23.698089984529545,-21.19484764619197,0.6794121233603496
2001-12-20,-7.906659072428428,24.278275612369207,-22.501586935104058,1.6591549266762498
2001-12-21,-6.780577609354744,24.014956866365726,-22.443540205031372,-0.38293271600276646
2001-12-22,-5.430941610671796,23.075289375752888,-24.728853421367315,-1.3756606483669311
2001-12-23,-5.490883359320731,23.439536135741758,-25.15609812604084,-1.7372679855892197
2001-12-24,-6.564151376198735,23.596853989647826,-24.229317721670416,-1.947817405329432
2001-12-25,-5.643859916022132,22.45441061231703,-25.57898789368057,-0.18493621910893032
2001-12-26,-5.581558449464116,23.53890370612615,-24.658953240288508,1.30411072161238
2001-12-27,-6.888813877568004,24.61341116476754,-25.410325814447607,1.7146876523096826
2001-12-28,-6.852810828152259,25.258265387956783,-23.995471717801244,0.8874047595584921
2001-12-29,-7.61988266828293,24.68880479589633,-24.25293490721478,1.2635098608537725
2001-12-30,-6.169980509732467,24.239904976412813,-23.811066106044446,2.503572644303004
2001-12-31,-5.25188602995133,25.60322871528925,-22.533565536852787,2.9968238367516733
2002-01-01,-4.637390777722602,25.649903012774136,-22.622864273822135,3.122841019390674
2002-01-02,-4.935960280156882,26.529930597222666,-24.33011987629856,3.1523971165442704
2002-01-03,-6.853773365224791,25.33387163093735,-23.92453613507964,3.5249106173736258
2002-01-04,-6.290505352782192,24.934010207603166,-22.986607435305146,5.288003971516819
2002-01-05,-5.869671215722715,26.042377556738668,-22.082879940962354,5.742775751840183
2002-01-06,-7.9466035030463615,26.87365155622643,-21.170039975513063,6.758327518588036
2002-01-07,-8.854410396853732,25.769934227003326,-20.059465505096746,5.699183708109489
2002-01-08,-8.174392597335622,26.91093095934856,-18.957353703499038,5.943740114256066
2002-01-09,-9.55579623574317,26.798399521102258,-18.77107167747836,5.046793526966383
2002-01-10,-11.176985696233709,25.067363738237038,-18.323781791903265,4.340404610003278
2002-01-11,-12.211310780573164,23.421536602284768,-18.396010108218395,3.4361796434907452
2002-01-12,-12.39723771875883,23.31858665402607,-17.97367249803866,4.403010354476304
2002-01-13,-13.23350976977158,24.560279264769324,-17.362862218485258,5.387299362581765
2002-01-14,-12.050851298101415,24.698806187317633,-16.53991172430007,6.170891953630914
2002-01-15,-10.237980069286474,24.384266590392972,-18.694548088943673,7.270364868975497
2002-01-16,-11.250079856964756,24.589211193697075,-17.922897143227004,6.925761124317249
2002-01-17,-11.463215201423582,25.48500275923783,-17.528823858778377,8.063685555975708
2002-01-18,-12.62047979121598,26.113316299859626,-16.080759834231472,7.906465503865929
2002-01-19,-12.27137600219144,26.725197914525463,-14.943039069922904,9.000508803543056
2002-01-20,-13.016647781072274,26.284020350272844,-14.417731902015344,8.045912714542876
2002-01-21,-12.955532972731435,25.646028617458928,-14.580496400903453,10.415663701399193
2002-01-22,-12.625067435465754,26.70394129938569,-15.802150141140649,9.272804103032513
2002-01-23,-11.877425721162274,27.269779791772937,-16.42648736004254,8.250367180109464
2002-01-24,-12.395295835950488,26.13831752387761,-17.288924189254608,6.5012653113858025
2002-01-25,-13.372544070036746,25.501277788101067,-16.602621964196807,6.3855582771275685
2002-01-26,-11.514634225835357,24.26131775002837,-17.09818073235063,7.528105627112838
2002-01-27,-11.814731272915802,25.274519163280033,-15.823441006762655,6.8573224554767975
2002-01-28,-10.786924885919403,23.432651468494996,-16.440589809686024,5.783270972523255
2002-01-29,-10.618989137488887,23.642011750614486,-18.673832579965943,5.018360201661162
2002-01-30,-10.263264044370754,23.033467190933337,-18.314000061868782,4.494444699727043
2002-01-31,-8.568606703873266,22.910997954470222,-15.77510736177126,3.379756993956511
2002-02-01,-8.551754648254354,23.032579554954253,-16.818358326684375,2.1399929040597803
2002-02-02,-10.17617833969853,21.650421715303995,-16.641460875354344,4.612518233305213
2002-02-03,-11.286268814286798,20.17873739405094,-16.087135703310288,5.859474314974067
2002-02-04,-11.246328309253474,21.779605852980183,-13.819621095744779,4.989421289601034
2002-02-05,-11.450211770305346,20.75853577402421,-14.897396082822489,4.280294413274537
2002-02-06,-10.551902379195344,20.04230655126715,-15.503743047332605,2.6471004262406415
2002-02-07,-9.743635469147335,20.066020913248547,-15.052444173942867,0.9649659310672234
2002-02-08,-10.144197774317924,18.316890438300014,-15.151042763231837,1.5715115351563065
2002-02-09,-9.965519693201703,17.809877047270525,-15.72941546023861,1.9967572544073748
2002-02-10,-10.88480487603238,17.626388619349203,-15.123675037208695,3.2277717127424035
2002-02-11,-12.528490985879774,19.678563407917917,-12.931381041266608,2.0929179068548405
2002-02-12,-13.945556702739026,18.74912312507854,-13.741453284697032,0.6070915634964538
2002-02-13,-14.087843690612415,18.897665971961146,-13.743195182972595,1.789953458508778
2002-02-14,-12.627671272070979,18.996235658613337,-15.432414154130699,0.5593431651516978
2002-02-15,-11.643499271672445,19.310141503231645,-13.935787850788454,-0.0988911139423786
2002-02-16,-11.881208820472974,19.80005282241467,-12.585137610203466,-0.17092174826992618
2002-02-17,-12.291333448566915,18.778545975242345,-12.607926296540901,-1.1831513397489757
2002-02-18,-10.33309965626301,17.799300221663902,-12.166032363700012,1.3704213444885145
2002-02-19,-10.429083214567457,17.934279735577217,-12.820603885823758,1.7965406306744196
2002-02-20,-11.029935252024183,19.2278875051871,-12.330734911145665,0.9088199308936595
2002-02-21,-12.122537554085056,20.449032666424195,-12.245606264866295,2.334519247197996
2002-02-22,-12.483657383340594,19.323641819721907,-12.229343033212409,2.916559940992342
2002-02-23,-14.346990696440676,18.275215165807616,-11.871237315019895,2.8024246696215807
2002-02-24,-13.461132322290569,18.081620633491884,-12.218853383204237,2.1451753473392303
2002-02-25,-13.814888251952711,16.69542255965964,-12.08695730201051,4.985409141465471
2002-02-26,-17.076372262243027,17.482796983218055,-11.870408113621599,5.388295359109452
2002-02-27,-18.373228405960415,18.723481742928485,-12.835013790026355,4.967768005878178
2002-02-28,-18.313376336476363,17.961975339851264,-11.809417968607201,5.863015577609054
2002-03-01,-19.19382779707545,18.210249469440946,-11.219815778876551,5.805617692573702
2002-03-02,-19.051302544879267,17.552457055082147,-10.303259822563653,6.6177294640241895
2002-03-03,-19.41822040276378,17.055279882907836,-10.336678905263724,8.64306167722434
2002-03-04,-20.34677211077748,17.77844994425352,-9.56245977503282,10.144218320114607
2002-03-05,-20.401466281563533,16.73716682320535,-8.15824204406627,9.868766973106721
2002-03-06,-19.307415790119077,15.700462607580686,-8.845223170875988,9.382758823749615
2002-03-07,-19.380430143168702,15.565263171532216,-10.511190423796235,9.201857072052682
2002-03-08,-18.086482054008574,13.176658653356151,-10.44045118023837,12.160617232511399
2002-03-09,-16.852224335784573,13.206188256172977,-11.756495394506366,13.017328559597969
2002-03-10,-15.835739934883627,14.149250184313512,-11.89127353787586,14.01276364684381
2002-03-11,-14.574104637889734,13.86061569644734,-11.949774712052792,13.19402227057342
2002-03-12,-15.982697450370944,13.270510845884978,-13.061762693067012,13.992742504172604
2002-03-13,-16.109548822609682,13.69054020789188,-14.151463753052047,16.000314352030546
2002-03-14,-16.777306698134705,13.3997692252876,-14.665882710010958,16.881243690611022
2002-03-15,-16.346060767804484,13.022550010495573,-14.718408269888688,16.278165438750356
2002-03-16,-17.390501098354232,12.30345719841153,-15.053101458324377,19.111053010506588
2002-03-17,-16.28648267701187,10.16499153216439,-16.569370596957228,20.245839633340985
2002-03-18,-16.427445587618493,10.234448002022875,-15.825675687214334,19.522204049714684
2002-03-19,-15.000865405475857,10.387985692385794,-16.852851920135894,19.238953721734482
2002-03-20,-14.194737534132237,9.965769225442495,-16.89382707566417,18.674687885040502
2002-03-21,-13.298715906871132,10.14160821856411,-17.513132746648477,18.903730556004536
2002-03-22,-13.910967824999902,8.864904325495658,-17.20270029973174,18.16205549872853
2002-03-23,-13.48900308993123,9.287804329794934,-16.497735637900785,18.802084803305167
2002-03-24,-13.66847858032135,10.063929739182655,-16.631662362511758,19.545352990122744
2002-03-25,-15.320489879302485,10.607586865829964,-15.78791299068336,18.255702202541038
2002-03-26,-15.248392157768894,11.835743077328413,-17.447827579926724,18.011630781058823
2002-03-27,-15.258241056909567,10.306649522484628,-17.935423954886765,17.446314083632185
2002-03-28,-16.490827467826062,10.711303512246008,-17.866415108882013,14.454322850154838
2002-03-29,-16.745107100989703,11.07636264037281,-16.90081755890059,13.983345736713297
2002-03-30,-17.996853257631663,10.401375600235141,-17.401161040016238,14.611569341483822
2002-03-31,-19.02433017648963,10.454850589714574,-17.315126119138654,13.659190747221933
2002-04-01,-19.762493453126645,8.952991507437225,-18.543977858663744,13.453074596073579
2002-04-02,-18.526850918802985,8.180498438916919,-18.84138735716581,12.286149255119613
2002-04-03,-19.14302297111707,7.430827702474562,-18.89692956192197,11.790050829786027
2002-04-04,-19.61549935545058,7.831360230519323,-16.589829736366365,11.14840208492861
2002-04-05,-19.38959600593621,6.768506609723262,-18.418819145093472,11.165314994441626
2002-04-06,-19.498741230943768,8.402602149001487,-19.20695439686554,10.97189459182645
2002-04-07,-21.392389861812422,7.4027330172269785,-18.967187060461736,11.471250819661496
2002-04-08,-21.457137813160568,7.085776421342636,-19.729863059707743,12.47695636808504
2002-04-09,-23.045601474279803,7.777227845711201,-18.55745567950113,11.823400545029154
2002-04-10,-22.54719905940705,6.283936168317678,-18.26784410109652,11.89993966698101
2002-04-11,-21.543667335040077,4.530422558370526,-18.336984967700218,12.436339445823059
2002-04-12,-21.941304559533776,4.853149884939771,-19.198384305727558,13.82593835962063
2002-04-13,-22.956456643650345,4.083207418929367,-17.748201410896375,13.885532548741237
2002-04-14,-22.81067457046039,4.353387234585243,-18.369265466961924,13.75495314563949
2002-04-15,-21.71847036764288,3.229735532754812,-17.743949916715138,14.226241022657304
2002-04-16,-21.886421112979118,3.181228967833701,-17.70194914077019,12.442832630741558
2002-04-17,-22.198691425393246,1.52878728327832,-18.240419943742626,12.114513268899525
2002-04-18,-22.548506194874047,0.9545350475739556,-18.406172919510563,13.655891224970789
2002-04-19,-22.632657780209694,2.0233796097601813,-17.682491081411587,12.711972918431293
2002-04-20,-21.161929401324276,0.09331248497357625,-17.230263843631025,12.779166819489474
2002-04-21,-23.183051478676457,-1.166215451560652,-15.371418198421324,13.522729316871013
2002-04-22,-23.39769773385573,-0.9943019165405699,-13.10350468392649,14.107902733261367
2002-04-23,-23.581561422437964,-0.1089945594816154,-13.02288737355081,14.318787338101583
2002-04-24,-23.059024251021686,-0.8857983265775304,-14.439819064957964,15.223811344030173
2002-04-25,-23.243019683141785,-1.0122140211560828,-13.622472230679916,13.283153157883755
2002-04-26,-24.988310950324635,-2.1720544043992263,-13.624074741086911,12.409648441602412
2002-04-27,-25.082408175468423,-2.139579376147651,-13.683491188107949,12.234252309637872
2002-04-28,-23.022392444169554,-2.8709761582933364,-13.682614655775968,10.567879481803871
2002-04-29,-23.53380934461129,-1.8720219248563887,-13.232006213591495,8.279819648755925
2002-04-30,-22.782235956810222,-2.0345885788227793,-12.846324725697537,10.042620842029113
2002-05-01,-23.37452679992685,-4.026810036331555,-12.617480520893638,11.482000282923144
2002-05-02,-22.395858981476778,-3.6107197436523686,-12.132145092895767,13.04422603268659
2002-05-03,-21.91470797353459,-5.527850123360803,-12.981153848611525,12.526176136494474
2002-05-04,-21.570436380851355,-6.014141675021558,-12.905081919750307,13.939488988246842
2002-05-05,-23.340037556267394,-4.15735580795175,-14.707586352051678,14.670092205528423
2002-05-06,-23.19007480858114,-2.9679515074619616,-15.691340092036828,16.002148843381363
2002-05-07,-23.47402950059871,-1.9854782641802287,-14.722592110856018,15.340764356539523
2002-05-08,-22.45917540163862,0.4716591156486214,-15.157814198343463,15.239160075015485
2002-05-09,-22.729218124369336,-0.87566401982045,-14.937999620476157,14.725136153370064
2002-05-10,-23.468251126272524,-1.7839380389964619,-14.19489685331419,14.880957654303886
2002-05-11,-23.988529720382573,-0.8258984373999756,-13.814143779583357,16.681842129554955
2002-05-12,-22.452028859524493,0.03959237673652771,-13.020482508962568,17.874245493676174
2002-05-13,-21.498167511049264,0.31014040420596917,-14.734744340054851,18.148533957322773
2002-05-14,-20.73199454760308,-0.21509734619590998,-16.376165359734934,18.849044004593086
2002-05-15,-20.754216139879855,-1.2987576288999745,-16.16425190690934,19.971316587954657
2002-05-16,-20.425251761013147,-1.331159006723598,-15.8589968072261,21.250631104466706
2002-05-17,-20.128223605822864,-2.108202164992912,-16.047970768216164,22.39177307436693
2002-05-18,-20.08341091816044,-3.0539847739946206,-17.215693023356778,23.153486548633982
2002-05-19,-21.559961203389207,-4.2079786207192384,-18.311988970305364,23.958101823317314
2002-05-20,-23.547286185436292,-4.829119788423441,-18.37696329931158,22.335127518085336
2002-05-21,-24.95627003189532,-4.177129695158085,-17.267874964483887,22.64121806404424
2002-05-22,-26.128321973636115,-4.130137665458403,-17.879897594135986,21.121823368634672
2002-05-23,-25.818339325691746,-5.056973577873117,-19.464883366162262,22.44493799383703
2002-05-24,-26.93425660457435,-4.2641510419333555,-19.225735516088122,21.35570032755757
2002-05-25,-26.830690040994206,-4.084622561072964,-19.091760056207896,24.411851384884294
2002-05-26,-27.46168554554295,-3.0265568690386035,-18.204084354969574,24.78262759189394
2002-05-27,-25.641051932276994,-2.947807750423871,-19.1262582774442,25.5652157391122
2002-05-28,-25.695396078954317,-2.800168675574303,-18.966696449695878,25.47575823943084
2002-05-29,-26.067117231473567,-3.199133924161282,-20.256983293422525,25.49357832994788
2002-05-30,-27.65385014998271,-2.3994561415191296,-20.4172977695712,26.496899465039547
2002-05-31,-27.73716986398738,-3.5808199385726955,-20.18117634200358,26.31503209664414
2002-06-01,-29.313755511730275,-3.3708100076613388,-19.915179092562504,24.880118574958857
2002-06-02,-29.26003921805702,-2.3314097219262426,-20.34446922709672,24.606664930096354
2002-06-03,-30.045493292885347,-1.7708416040670816,-20.099842521753693,25.354538590184667
2002-06-04,-30.862384355138946,-2.520755366905192,-18.771316988398553,25.700418807074822
2002-06-05,-30.408754384627674,-3.2333541111315323,-17.07842010986604,25.641290658224225
2002-06-06,-29.309284414941473,-2.9491050969201993,-15.520232751257545,26.514879189211705
2002-06-07,-29.62885592127236,-4.312496231290084,-15.413083868314507,26.52026012371953
2002-06-08,-30.98973247990016,-3.4834224371844127,-14.45024511589143,26.91292826784666
2002-06-09,-31.01869163583058,-3.5690841840751797,-13.151040256391852,27.49442097479309
2002-06-10,-32.21542117371621,-2.6866434161565826,-14.795310528113202,29.3584798395918
2002-06-11,-32.72650131609875,-2.877992949081448,-15.66564429893242,29.455421143047484
2002-06-12,-33.007178030667106,-3.126130043481576,-16.38116830014987,28.64387349371194
2002-06-13,-33.26406027248275,-0.6440627601142341,-16.525619942987827,28.207022021365734
2002-06-14,-34.441948746171526,-0.2146722290574019,-18.844870249309952,29.787067384428095
2002-06-15,-33.187813140157886,0.950840953308496,-19.751793954795804,28.92004705759267
2002-06-16,-33.74718441867551,0.09257853974807073,-20.713330261638255,28.847080198770882
2002-06-17,-34.7718787530918,-0.18921821636872066,-20.215140321238803,30.08063383987648
2002-06-18,-34.72312168179606,-1.7366338445993994,-20.59874011346122,29.92367812133942
2002-06-19,-34.373145829681725,-2.527145861316032,-20.32604279699481,29.045133768462865
2002-06-20,-33.652276182983286,-2.865599834599676,-20.503904437906183,27.857722586499587
2002-06-21,-33.25077246615916,-2.198081064470702,-21.601673268987525,27.864688315175602
2002-06-22,-32.19968013976989,-1.2802814667036924,-21.329370861293476,25.899149666595612
2002-06-23,-32.42267468199951,-3.328219540322789,-20.248368721022864,25.49486211271031
2002-06-24,-32.8975800164176,-4.154847246948322,-18.891846545703743,25.254167362222883
2002-06-25,-30.73232593334691,-2.754007297571956,-19.688735555143513,24.624096601991276
2002-06-26,-31.17685666850523,-2.7145993965814856,-20.33918287523475,22.953965449247548
2002-06-27,-30.282156827191404,-2.548517098945202,-21.920894042213334,22.399742507732313
2002-06-28,-29.69822593098558,-2.5845711032389698,-22.080956823960495,21.424438012404753
2002-06-29,-28.644642116111694,-3.789213699327708,-22.39910070929722,21.023294033415045
2002-06-30,-28.370638492309993,-2.557732624527074,-22.147082637432995,21.328078612476123
2002-07-01,-27.58774302472919,-3.0200468239253855,-21.64802079361089,20.48985640694835
2002-07-02,-27.976397439200486,-3.537581418717949,-21.608453095104533,20.442910179523267
2002-07-03,-28.779834451444476,-3.8582463291801625,-20.677671900796263,20.51010817854295
2002-07-04,-29.39483495480397,-4.137960863337104,-21.818832997344032,20.917272559005934
2002-07-05,-29.93346660593975,-4.3898689230011385,-22.606300970299333,21.82874929014064
2002-07-06,-28.165847967358506,-2.8121611029689233,-23.579944041193116,20.011128198562925
2002-07-07,-26.77312691945032,-3.615497859793774,-22.842961122501784,19.611714628502057
2002-07-08,-27.140005965930058,-5.505675253338566,-22.846598973065266,20.09637248635792
2002-07-09,-27.12882568252253,-5.596346407929287,-23.464035902779365,22.114792089407434
2002-07-10,-25.6692237822284,-5.583566438985694,-23.897677504897594,19.855225869628093
2002-07-11,-25.021716284184137,-6.356848125267678,-25.323954600550195,20.57605839363557
2002-07-12,-25.83358363046127,-5.579446457969471,-24.68134114987529,19.991473419345503
2002-07-13,-25.474865825749845,-4.775582735581722,-24.054759973751683,19.968420090839732
2002-07-14,-25.844434987433424,-5.913262050167491,-25.143244734554443,20.465544947627926
2002-07-15,-26.815644305887904,-5.39543894262448,-23.83251827535982,20.576656715323356
2002-07-16,-25.487156219114574,-4.30968113601177,-26.534930030077344,19.399076675187395
2002-07-17,-24.18930698702355,-2.807067508719392,-25.964317209457057,17.411296789194314
2002-07-18,-24.798196144922873,-2.0739118733289024,-24.41485347808105,18.91138771127489
2002-07-19,-25.02212732449601,-2.607887625983658,-25.6086826093144,18.497539606812836
2002-07-20,-24.587988518767318,-2.4492628943134775,-26.501795673944542,17.231404368001957
2002-07-21,-22.199739873628978,-2.0581557593738022,-27.84220197886316,17.024493745658873
2002-07-22,-21.895579678855615,-4.048445933892775,-25.63390469244794,17.037921716942435
2002-07-23,-20.640818945633445,-5.111865137542744,-24.462255035210323,16.193393119925773
2002-07-24,-22.05393108051549,-4.338835497962814,-24.679387565627415,15.932191695310703
2002-07-25,-21.242528861648196,-3.874260171176706,-24.097574383108665,17.389861523377757
2002-07-26,-21.218361731608333,-3.508794301963158,-24.979778825472415,17.364864736608663
2002-07-27,-19.90837098561284,-4.601340163207504,-22.833369027144585,16.24461778757014
2002-07-28,-19.347522174176785,-4.385375397308754,-24.090460118764565,16.2407496503222
2002-07-29,-19.423423449304895,-4.41294021880446,-23.551929785056455,16.441311857947078
2002-07-30,-18.936028769125787,-4.677989195251766,-21.643511951058155,17.303886238476068
2002-07-31,-18.82578323418885,-5.193617767084466,-19.919540625222673,18.628889004134802
2002-08-01,-18.215337619787753,-5.927139505836756,-20.011301008635552,18.72954015937786
2002-08-02,-16.904173120595658,-6.043675254823382,-18.73997980039005,19.170330464521648
2002-08-03,-16.659088417931027,-5.8459102404581715,-18.43182404197023,19.753562300648902
2002-08-04,-16.461929033129337,-6.158964363128308,-17.135032070156576,20.549534213400023
2002-08-05,-16.98659447964241,-6.494927312053756,-18.122546689919773,19.73576050463878
2002-08-06,-16.96774073519515,-6.747839457704517,-18.085571916135468,19.87834408791509
2002-08-07,-15.735658842050784,-5.710875194538712,-18.770514191843535,19.472050460184423
2002-08-08,-14.443575528703715,-4.791742359957652,-16.985221937687424,19.027770086416506
2002-08-09,-14.264398928951419,-2.5045244746735817,-16.2623804315677,18.726255630274572
2002-08-10,-14.341955147839698,-3.178809148970985,-17.18130531232124,18.90473639387023
2002-08-11,-13.446029098287635,-3.222214954468313,-17.957293885861397,19.9795617680098
2002-08-12,-13.404540561518083,-3.2852845261998134,-18.04979220101086,20.455396271378778
2002-08-13,-12.411493717132563,-3.500355662451297,-17.1093824730452,19.293461032087336
2002-08-14,-11.183790572578097,-4.393779459660957,-17.021075027723406,19.028718203122455
2002-08-15,-12.402290184449495,-4.223641069569136,-15.394272464207784,16.75852095608348
2002-08-16,-11.745425403148225,-3.60018271262478,-13.42015128630549,16.135435590139263
2002-08-17,-10.384433545863704,-2.186738377825874,-13.748752101595613,17.126115009929457
2002-08-18,-10.569958355613178,-2.129687394852236,-12.463689708840294,17.419110098648982
2002-08-19,-10.954681263572816,-0.6235189162458941,-12.912703699824368,17.276052762298004
2002-08-20,-10.009890324836896,0.041819994867692056,-12.594728671126834,17.083876139221125
2002-08-21,-8.510972368014254,-1.6166592390279166,-12.5486861888401,17.828279950815006
2002-08-22,-8.65433994309454,-0.854072889672164,-12.928068795758104,17.330626437270386
2002-08-23,-9.31481026191395,-0.9717752354952194,-11.585748883702898,15.604098185320517
2002-08-24,-9.66453513182918,-1.198409059240175,-11.353602041764065,14.578552925121782
2002-08-25,-10.812616785903904,-0.8760779127324385,-10.938847456903178,15.400327943629133
2002-08-26,-11.1987238013168,-1.0788664875534186,-11.361825654503052,14.681251841951166
2002-08-27,-10.627860431107397,-0.9905073715715405,-12.43254626345441,15.760088867826042
2002-08-28,-10.715669331643934,-1.1713523344567776,-13.758589094825501,15.505412050787873
2002-08-29,-10.069881393181864,-2.2308463587966294,-14.357499266531773,14.613993409111192
2002-08-30,-10.225774371969967,-2.354010021701867,-12.840397278024767,14.362571957066168
2002-08-31,-12.247397343068483,-1.7109983922054925,-12.918488740294556,14.203965377535205
2002-09-01,-12.323552078330504,-1.7558577199870309,-12.651753868344397,13.926351081813
2002-09-02,-12.448800243320923,-1.9511381912179817,-11.316167251504663,14.208053787180356
2002-09-03,-13.305899128380483,-4.355183019658114,-12.826525604697053,14.138988845821201
2002-09-04,-11.493650412841669,-4.813032270299352,-11.965174036472812,13.237536941252424
2002-09-05,-10.325622115157602,-6.5389344494867965,-13.980450419320377,13.28607353675083
2002-09-06,-11.580106061381867,-6.238026900820416,-12.443927248360238,13.190400628157079
2002-09-07,-10.049111923253694,-6.958712396633886,-13.232423070039621,13.378183523556213
2002-09-08,-10.455001244080746,-7.094900910806729,-14.277151307923482,13.227310077577352
2002-09-09,-11.86043293986161,-5.409548305836486,-12.65999061737327,13.095133672308524
2002-09-10,-11.78578575502268,-5.966130125114312,-11.092844167644522,14.483981007796041
2002-09-11,-12.878088102800515,-6.431554968161536,-10.43771248797857,15.556544202442069
2002-09-12,-13.797207730115915,-6.513294183873889,-11.148790269475473,16.677039973722643
2002-09-13,-13.539471926225731,-7.020268108748284,-10.257294852937092,17.85020455939822
2002-09-14,-14.991173612864987,-5.651462202571134,-9.445117342378422,17.072899464205
2002-09-15,-15.041837378137629,-6.365162559925549,-10.043538139498608,16.625953319385093
2002-09-16,-15.091858992597638,-6.071297418820636,-10.252272069982546,15.245986950217215
2002-09-17,-15.042637680668186,-6.425931825786222,-8.254987848959441,16.123067385797746
2002-09-18,-15.728485411007808,-5.395747303360192,-8.38602762089062,15.32614004502352
2002-09-19,-14.807901520937664,-5.47904755016261,-9.268866949355605,18.085305867422306
2002-09-20,-15.34658628386136,-3.4980481082971195,-10.14496324049934,18.896202209552587
2002-09-21,-16.683357580943255,-5.436915459662529,-11.32965589723847,18.517796387314434
2002-09-22,-16.109298680694025,-6.0099419333369415,-12.01318130449523,17.038000995559873
2002-09-23,-15.943348237133213,-5.9918839425384265,-13.087929970005792,17.746903491966208
2002-09-24,-14.9642533241161,-5.687741310171195,-11.302411118519485,16.108078080367832
2002-09-25,-14.736627158787766,-6.7279652836061485,-10.27534987779413,15.100701920763594
2002-09-26,-13.442079217422526,-3.9794398460778826,-9.03423008881213,15.671947230352497
